insert into generos (id, descripcion)
values
    (1, 'Hombre'),
    (2, 'Mujer'),
    (3, 'No binario')
;

insert into gustos_genero (id_usuario, id_genero) select id as id_usuario, FLOOR(RAND()*(3-1+1)+1) as id_genero from usuarios;

insert into preferencias (id, descripcion)
values
    (1, 'Género'),
    (2, 'Deportes'),
    (3, 'Arte'),
    (4, 'Cultura'),
    (5, 'Política'),
    (6, 'Hijos')
;

INSERT INTO `preferencias_usuarios` (`id_usuario`, `id_preferencia`, `intensidad`)
VALUES
    ('1', '1', '100'),
    ('1', '2', '73'),
    ('1', '3', '48'),
    ('1', '4', '13'),
    ('1', '5', '62'),
    ('1', '6', '0'),
    ('2', '1', '0'),
    ('2', '2', '52'),
    ('2', '3', '60'),
    ('2', '4', '14'),
    ('2', '5', '27'),
    ('2', '6', '0'),
    ('3', '1', '2'),
    ('3', '2', '91'),
    ('3', '3', '20'),
    ('3', '4', '93'),
    ('3', '5', '48'),
    ('3', '6', '0'),
    ('4', '1', '3'),
    ('4', '2', '35'),
    ('4', '3', '73'),
    ('4', '4', '27'),
    ('4', '5', '61'),
    ('4', '6', '0'),
    ('5', '1', '3'),
    ('5', '2', '14'),
    ('5', '3', '37'),
    ('5', '4', '42'),
    ('5', '5', '17'),
    ('5', '6', '100'),
    ('6', '1', '2'),
    ('6', '2', '90'),
    ('6', '3', '23'),
    ('6', '4', '29'),
    ('6', '5', '5'),
    ('6', '6', '100'),
    ('7', '1', '1'),
    ('7', '2', '26'),
    ('7', '3', '10'),
    ('7', '4', '80'),
    ('7', '5', '32'),
    ('7', '6', '100'),
    ('8', '1', '3'),
    ('8', '2', '18'),
    ('8', '3', '2'),
    ('8', '4', '51'),
    ('8', '5', '64'),
    ('8', '6', '0'),
    ('9', '1', '1'),
    ('9', '2', '87'),
    ('9', '3', '79'),
    ('9', '4', '13'),
    ('9', '5', '0'),
    ('9', '6', '100'),
    ('10', '1', '3'),
    ('10', '2', '22'),
    ('10', '3', '6'),
    ('10', '4', '92'),
    ('10', '5', '76'),
    ('10', '6', '0'),
    ('11', '1', '1'),
    ('11', '2', '46'),
    ('11', '3', '48'),
    ('11', '4', '60'),
    ('11', '5', '56'),
    ('11', '6', '0'),
    ('12', '1', '1'),
    ('12', '2', '95'),
    ('12', '3', '4'),
    ('12', '4', '77'),
    ('12', '5', '28'),
    ('12', '6', '100'),
    ('13', '1', '3'),
    ('13', '2', '99'),
    ('13', '3', '11'),
    ('13', '4', '79'),
    ('13', '5', '86'),
    ('13', '6', '0'),
    ('14', '1', '2'),
    ('14', '2', '96'),
    ('14', '3', '91'),
    ('14', '4', '79'),
    ('14', '5', '23'),
    ('14', '6', '0'),
    ('15', '1', '1'),
    ('15', '2', '41'),
    ('15', '3', '48'),
    ('15', '4', '23'),
    ('15', '5', '13'),
    ('15', '6', '0'),
    ('16', '1', '1'),
    ('16', '2', '32'),
    ('16', '3', '70'),
    ('16', '4', '48'),
    ('16', '5', '5'),
    ('16', '6', '0'),
    ('17', '1', '2'),
    ('17', '2', '44'),
    ('17', '3', '25'),
    ('17', '4', '10'),
    ('17', '5', '51'),
    ('17', '6', '0'),
    ('18', '1', '3'),
    ('18', '2', '2'),
    ('18', '3', '20'),
    ('18', '4', '75'),
    ('18', '5', '68'),
    ('18', '6', '100'),
    ('19', '1', '1'),
    ('19', '2', '88'),
    ('19', '3', '32'),
    ('19', '4', '11'),
    ('19', '5', '35'),
    ('19', '6', '100'),
    ('20', '1', '3'),
    ('20', '2', '44'),
    ('20', '3', '71'),
    ('20', '4', '63'),
    ('20', '5', '69'),
    ('20', '6', '100'),
    ('21', '1', '3'),
    ('21', '2', '39'),
    ('21', '3', '78'),
    ('21', '4', '21'),
    ('21', '5', '71'),
    ('21', '6', '100'),
    ('22', '1', '3'),
    ('22', '2', '76'),
    ('22', '3', '96'),
    ('22', '4', '56'),
    ('22', '5', '60'),
    ('22', '6', '0'),
    ('23', '1', '2'),
    ('23', '2', '26'),
    ('23', '3', '23'),
    ('23', '4', '9'),
    ('23', '5', '35'),
    ('23', '6', '0'),
    ('24', '1', '3'),
    ('24', '2', '87'),
    ('24', '3', '88'),
    ('24', '4', '46'),
    ('24', '5', '54'),
    ('24', '6', '0'),
    ('25', '1', '3'),
    ('25', '2', '87'),
    ('25', '3', '54'),
    ('25', '4', '80'),
    ('25', '5', '61'),
    ('25', '6', '0'),
    ('26', '1', '3'),
    ('26', '2', '77'),
    ('26', '3', '14'),
    ('26', '4', '96'),
    ('26', '5', '90'),
    ('26', '6', '100'),
    ('27', '1', '2'),
    ('27', '2', '31'),
    ('27', '3', '80'),
    ('27', '4', '61'),
    ('27', '5', '5'),
    ('27', '6', '0'),
    ('28', '1', '2'),
    ('28', '2', '23'),
    ('28', '3', '93'),
    ('28', '4', '48'),
    ('28', '5', '63'),
    ('28', '6', '0'),
    ('29', '1', '2'),
    ('29', '2', '34'),
    ('29', '3', '3'),
    ('29', '4', '82'),
    ('29', '5', '35'),
    ('29', '6', '100'),
    ('30', '1', '3'),
    ('30', '2', '50'),
    ('30', '3', '66'),
    ('30', '4', '28'),
    ('30', '5', '67'),
    ('30', '6', '100'),
    ('31', '1', '1'),
    ('31', '2', '17'),
    ('31', '3', '76'),
    ('31', '4', '25'),
    ('31', '5', '74'),
    ('31', '6', '100'),
    ('32', '1', '1'),
    ('32', '2', '59'),
    ('32', '3', '58'),
    ('32', '4', '96'),
    ('32', '5', '97'),
    ('32', '6', '0'),
    ('33', '1', '1'),
    ('33', '2', '64'),
    ('33', '3', '50'),
    ('33', '4', '68'),
    ('33', '5', '34'),
    ('33', '6', '0'),
    ('34', '1', '1'),
    ('34', '2', '63'),
    ('34', '3', '60'),
    ('34', '4', '78'),
    ('34', '5', '32'),
    ('34', '6', '0'),
    ('35', '1', '1'),
    ('35', '2', '40'),
    ('35', '3', '24'),
    ('35', '4', '22'),
    ('35', '5', '74'),
    ('35', '6', '100'),
    ('36', '1', '2'),
    ('36', '2', '7'),
    ('36', '3', '86'),
    ('36', '4', '48'),
    ('36', '5', '38'),
    ('36', '6', '100'),
    ('37', '1', '3'),
    ('37', '2', '25'),
    ('37', '3', '6'),
    ('37', '4', '23'),
    ('37', '5', '82'),
    ('37', '6', '100'),
    ('38', '1', '3'),
    ('38', '2', '96'),
    ('38', '3', '56'),
    ('38', '4', '57'),
    ('38', '5', '20'),
    ('38', '6', '0'),
    ('39', '1', '3'),
    ('39', '2', '94'),
    ('39', '3', '99'),
    ('39', '4', '26'),
    ('39', '5', '28'),
    ('39', '6', '0'),
    ('40', '1', '1'),
    ('40', '2', '73'),
    ('40', '3', '67'),
    ('40', '4', '46'),
    ('40', '5', '16'),
    ('40', '6', '0'),
    ('41', '1', '3'),
    ('41', '2', '50'),
    ('41', '3', '99'),
    ('41', '4', '27'),
    ('41', '5', '92'),
    ('41', '6', '100'),
    ('42', '1', '3'),
    ('42', '2', '56'),
    ('42', '3', '70'),
    ('42', '4', '68'),
    ('42', '5', '73'),
    ('42', '6', '0'),
    ('43', '1', '3'),
    ('43', '2', '59'),
    ('43', '3', '11'),
    ('43', '4', '29'),
    ('43', '5', '19'),
    ('43', '6', '100'),
    ('44', '1', '3'),
    ('44', '2', '83'),
    ('44', '3', '81'),
    ('44', '4', '94'),
    ('44', '5', '60'),
    ('44', '6', '100'),
    ('45', '1', '1'),
    ('45', '2', '58'),
    ('45', '3', '31'),
    ('45', '4', '33'),
    ('45', '5', '52'),
    ('45', '6', '0'),
    ('46', '1', '3'),
    ('46', '2', '88'),
    ('46', '3', '86'),
    ('46', '4', '88'),
    ('46', '5', '78'),
    ('46', '6', '100'),
    ('47', '1', '1'),
    ('47', '2', '72'),
    ('47', '3', '76'),
    ('47', '4', '6'),
    ('47', '5', '74'),
    ('47', '6', '100'),
    ('48', '1', '3'),
    ('48', '2', '100'),
    ('48', '3', '75'),
    ('48', '4', '7'),
    ('48', '5', '4'),
    ('48', '6', '100'),
    ('49', '1', '2'),
    ('49', '2', '41'),
    ('49', '3', '57'),
    ('49', '4', '57'),
    ('49', '5', '96'),
    ('49', '6', '0'),
    ('50', '1', '2'),
    ('50', '2', '24'),
    ('50', '3', '80'),
    ('50', '4', '78'),
    ('50', '5', '6'),
    ('50', '6', '100'),
    ('51', '1', '3'),
    ('51', '2', '56'),
    ('51', '3', '0'),
    ('51', '4', '12'),
    ('51', '5', '52'),
    ('51', '6', '0'),
    ('52', '1', '3'),
    ('52', '2', '14'),
    ('52', '3', '72'),
    ('52', '4', '77'),
    ('52', '5', '56'),
    ('52', '6', '100'),
    ('53', '1', '3'),
    ('53', '2', '7'),
    ('53', '3', '11'),
    ('53', '4', '56'),
    ('53', '5', '27'),
    ('53', '6', '0'),
    ('54', '1', '1'),
    ('54', '2', '68'),
    ('54', '3', '93'),
    ('54', '4', '92'),
    ('54', '5', '56'),
    ('54', '6', '100'),
    ('55', '1', '1'),
    ('55', '2', '54'),
    ('55', '3', '5'),
    ('55', '4', '30'),
    ('55', '5', '84'),
    ('55', '6', '100'),
    ('56', '1', '2'),
    ('56', '2', '92'),
    ('56', '3', '51'),
    ('56', '4', '4'),
    ('56', '5', '10'),
    ('56', '6', '0'),
    ('57', '1', '2'),
    ('57', '2', '51'),
    ('57', '3', '53'),
    ('57', '4', '98'),
    ('57', '5', '67'),
    ('57', '6', '0'),
    ('58', '1', '3'),
    ('58', '2', '23'),
    ('58', '3', '8'),
    ('58', '4', '17'),
    ('58', '5', '74'),
    ('58', '6', '0'),
    ('59', '1', '3'),
    ('59', '2', '32'),
    ('59', '3', '31'),
    ('59', '4', '65'),
    ('59', '5', '68'),
    ('59', '6', '0'),
    ('60', '1', '2'),
    ('60', '2', '15'),
    ('60', '3', '69'),
    ('60', '4', '66'),
    ('60', '5', '35'),
    ('60', '6', '0'),
    ('61', '1', '3'),
    ('61', '2', '23'),
    ('61', '3', '26'),
    ('61', '4', '13'),
    ('61', '5', '100'),
    ('61', '6', '100'),
    ('62', '1', '3'),
    ('62', '2', '69'),
    ('62', '3', '67'),
    ('62', '4', '2'),
    ('62', '5', '48'),
    ('62', '6', '100'),
    ('63', '1', '1'),
    ('63', '2', '5'),
    ('63', '3', '87'),
    ('63', '4', '73'),
    ('63', '5', '14'),
    ('63', '6', '0'),
    ('64', '1', '2'),
    ('64', '2', '62'),
    ('64', '3', '34'),
    ('64', '4', '40'),
    ('64', '5', '48'),
    ('64', '6', '100'),
    ('65', '1', '1'),
    ('65', '2', '2'),
    ('65', '3', '32'),
    ('65', '4', '94'),
    ('65', '5', '69'),
    ('65', '6', '0'),
    ('66', '1', '2'),
    ('66', '2', '87'),
    ('66', '3', '22'),
    ('66', '4', '68'),
    ('66', '5', '2'),
    ('66', '6', '100'),
    ('67', '1', '3'),
    ('67', '2', '78'),
    ('67', '3', '9'),
    ('67', '4', '14'),
    ('67', '5', '24'),
    ('67', '6', '0'),
    ('68', '1', '2'),
    ('68', '2', '69'),
    ('68', '3', '73'),
    ('68', '4', '95'),
    ('68', '5', '98'),
    ('68', '6', '0'),
    ('69', '1', '1'),
    ('69', '2', '70'),
    ('69', '3', '75'),
    ('69', '4', '27'),
    ('69', '5', '36'),
    ('69', '6', '100'),
    ('70', '1', '2'),
    ('70', '2', '57'),
    ('70', '3', '82'),
    ('70', '4', '24'),
    ('70', '5', '30'),
    ('70', '6', '0'),
    ('71', '1', '3'),
    ('71', '2', '33'),
    ('71', '3', '59'),
    ('71', '4', '38'),
    ('71', '5', '59'),
    ('71', '6', '0'),
    ('72', '1', '3'),
    ('72', '2', '97'),
    ('72', '3', '91'),
    ('72', '4', '2'),
    ('72', '5', '65'),
    ('72', '6', '0'),
    ('73', '1', '1'),
    ('73', '2', '29'),
    ('73', '3', '75'),
    ('73', '4', '95'),
    ('73', '5', '89'),
    ('73', '6', '100'),
    ('74', '1', '2'),
    ('74', '2', '71'),
    ('74', '3', '36'),
    ('74', '4', '41'),
    ('74', '5', '9'),
    ('74', '6', '0'),
    ('75', '1', '3'),
    ('75', '2', '86'),
    ('75', '3', '4'),
    ('75', '4', '80'),
    ('75', '5', '37'),
    ('75', '6', '100'),
    ('76', '1', '2'),
    ('76', '2', '77'),
    ('76', '3', '47'),
    ('76', '4', '20'),
    ('76', '5', '89'),
    ('76', '6', '0'),
    ('77', '1', '3'),
    ('77', '2', '81'),
    ('77', '3', '8'),
    ('77', '4', '66'),
    ('77', '5', '11'),
    ('77', '6', '0'),
    ('78', '1', '2'),
    ('78', '2', '64'),
    ('78', '3', '36'),
    ('78', '4', '93'),
    ('78', '5', '83'),
    ('78', '6', '0'),
    ('79', '1', '2'),
    ('79', '2', '4'),
    ('79', '3', '89'),
    ('79', '4', '24'),
    ('79', '5', '20'),
    ('79', '6', '0'),
    ('80', '1', '1'),
    ('80', '2', '80'),
    ('80', '3', '58'),
    ('80', '4', '95'),
    ('80', '5', '46'),
    ('80', '6', '0'),
    ('81', '1', '1'),
    ('81', '2', '32'),
    ('81', '3', '97'),
    ('81', '4', '96'),
    ('81', '5', '66'),
    ('81', '6', '0'),
    ('82', '1', '3'),
    ('82', '2', '44'),
    ('82', '3', '96'),
    ('82', '4', '87'),
    ('82', '5', '88'),
    ('82', '6', '100'),
    ('83', '1', '3'),
    ('83', '2', '93'),
    ('83', '3', '76'),
    ('83', '4', '63'),
    ('83', '5', '37'),
    ('83', '6', '0'),
    ('84', '1', '1'),
    ('84', '2', '24'),
    ('84', '3', '39'),
    ('84', '4', '70'),
    ('84', '5', '53'),
    ('84', '6', '100'),
    ('85', '1', '1'),
    ('85', '2', '55'),
    ('85', '3', '62'),
    ('85', '4', '80'),
    ('85', '5', '95'),
    ('85', '6', '100'),
    ('86', '1', '1'),
    ('86', '2', '8'),
    ('86', '3', '48'),
    ('86', '4', '40'),
    ('86', '5', '29'),
    ('86', '6', '100'),
    ('87', '1', '2'),
    ('87', '2', '50'),
    ('87', '3', '74'),
    ('87', '4', '57'),
    ('87', '5', '19'),
    ('87', '6', '100'),
    ('88', '1', '2'),
    ('88', '2', '29'),
    ('88', '3', '0'),
    ('88', '4', '73'),
    ('88', '5', '32'),
    ('88', '6', '0'),
    ('89', '1', '2'),
    ('89', '2', '41'),
    ('89', '3', '29'),
    ('89', '4', '50'),
    ('89', '5', '2'),
    ('89', '6', '0'),
    ('90', '1', '2'),
    ('90', '2', '100'),
    ('90', '3', '20'),
    ('90', '4', '12'),
    ('90', '5', '24'),
    ('90', '6', '100'),
    ('91', '1', '2'),
    ('91', '2', '73'),
    ('91', '3', '86'),
    ('91', '4', '34'),
    ('91', '5', '27'),
    ('91', '6', '100'),
    ('92', '1', '1'),
    ('92', '2', '47'),
    ('92', '3', '43'),
    ('92', '4', '37'),
    ('92', '5', '58'),
    ('92', '6', '0'),
    ('93', '1', '3'),
    ('93', '2', '28'),
    ('93', '3', '8'),
    ('93', '4', '38'),
    ('93', '5', '64'),
    ('93', '6', '0'),
    ('94', '1', '1'),
    ('94', '2', '16'),
    ('94', '3', '5'),
    ('94', '4', '55'),
    ('94', '5', '69'),
    ('94', '6', '0'),
    ('95', '1', '3'),
    ('95', '2', '53'),
    ('95', '3', '79'),
    ('95', '4', '64'),
    ('95', '5', '89'),
    ('95', '6', '100'),
    ('96', '1', '2'),
    ('96', '2', '20'),
    ('96', '3', '50'),
    ('96', '4', '30'),
    ('96', '5', '84'),
    ('96', '6', '0'),
    ('97', '1', '2'),
    ('97', '2', '56'),
    ('97', '3', '77'),
    ('97', '4', '92'),
    ('97', '5', '25'),
    ('97', '6', '0'),
    ('98', '1', '2'),
    ('98', '2', '54'),
    ('98', '3', '28'),
    ('98', '4', '77'),
    ('98', '5', '51'),
    ('98', '6', '100'),
    ('99', '1', '3'),
    ('99', '2', '90'),
    ('99', '3', '49'),
    ('99', '4', '26'),
    ('99', '5', '81'),
    ('99', '6', '0'),
    ('100', '1', '3'),
    ('100', '2', '90'),
    ('100', '3', '6'),
    ('100', '4', '2'),
    ('100', '5', '60'),
    ('100', '6', '100')
;

insert into
